"mean","sd","2.5%","25%","50%","75%","97.5%","Rhat","n.eff"
"a",18.0804182962963,2.97031560457154,12.38,16.1,18.01,19.97,24.12,1.00110864255577,12000
"a1",0.0585168603581111,0.0696576288882926,-0.08749,0.0169675,0.05851,0.1024,0.196,1.00096691683811,27000
"a2",0.0613393531747407,0.0782530752440991,-0.1015025,0.01092,0.06637,0.1155,0.2035,1.00120029037366,7800
"b1",-0.00909762856324074,0.0950359991349909,-0.1854,-0.074355,-0.013895,0.0527625,0.1879,1.00095503154484,27000
"data.var",19.7603378888889,9.20470370965568,8.75597499860799,13.58,17.67,23.44,42.7704998860533,1.00095369716216,27000
"deviance",90.7338474074074,2.91750140147699,87.13,88.6,90.04,92.12,98.130249987581,1.00098949501235,27000
