"mean","sd","2.5%","25%","50%","75%","97.5%","Rhat","n.eff"
"a",17.931966862963,3.17186416954255,11.8297498969207,15.86,17.87,19.9024995290325,24.42,1.00107070910747,16000
"a3",-0.055892021558163,0.0716822510432896,-0.1984,-0.1017,-0.056055,-0.01089,0.09004025,1.00107739629499,15000
"a2",0.0625410798681852,0.0757856891921622,-0.0965815,0.01377,0.06621,0.1145,0.2035025,1.00094899470058,27000
"b3",-0.0020610922622963,0.0937576053121464,-0.192605,-0.0638425,0.00067845,0.06179,0.1753,1.00103491433615,22000
"data.var",23.1477785185185,12.1618920132837,9.54992498851202,15.26,20.23,27.52,53.86,1.00096244613,27000
"deviance",81.2171766666667,2.92851352553026,77.8,79.06,80.48,82.59,88.89,1.00094819886302,27000
