"mean","sd","2.5%","25%","50%","75%","97.5%","Rhat","n.eff"
"a",18.9165701481481,2.98571831354104,13.31,16.97,18.81,20.77,25.12,1.00206537564513,1800
"a2",0.144263875555556,0.0440054699170895,0.07835,0.117,0.139,0.1647,0.2391,1.00250333707838,1300
"data.var",20.0816201481481,9.54896195315301,8.87797499862712,13.84,17.88,23.7,44.72,1.00094305889422,27000
"deviance",91.028232962963,3.0944344982058,87.58,88.8,90.22,92.38,98.96,1.00101668097611,27000
