"mean","sd","2.5%","25%","50%","75%","97.5%","Rhat","n.eff"
"a",18.7089917185185,3.29362477293316,12.62,16.62,18.59,20.66,25.6,1.0025042733688,2800
"a2",0.139203346933333,0.0487311119518731,0.06226,0.11,0.134,0.1613,0.2536,1.00166565610664,3600
"data.var",23.654056,13.3259739354649,9.58589997965225,15.2774993862185,20.41,27.98,57.2102499786993,1.0010751397992,15000
"deviance",81.4639251851852,3.28770812118899,77.86,79.12,80.59,82.83,90.25,1.00136063458115,4800
