"mean","sd","2.5%","25%","50%","75%","97.5%","Rhat","n.eff"
"a",17.9270564444444,3.24905546273112,11.78,15.79,17.85,19.94,24.64,1.00112441795833,11000
"a1",0.0378168898495185,0.0804826130784953,-0.1281,-0.0123475,0.03924,0.0912025,0.1938,1.00105025279869,19000
"a2",0.0389558199768889,0.0840008094289231,-0.1289,-0.0162725,0.040405,0.09527,0.2000025,1.0009498289034,27000
"a3",-0.0386791688898585,0.0807057559430047,-0.1955,-0.091205,-0.039915,0.0120525,0.1293,1.00104689993369,19000
"b1",0.00624713391925926,0.0947132891753861,-0.1728025,-0.05899,0.0035425,0.0692425,0.1981,1.00099958331736,27000
"b3",-0.00597908547685185,0.0951089362465316,-0.197605,-0.0700925,-0.0028695,0.0597,0.1748,1.00102079455774,26000
"data.var",23.1972181851852,12.0732819867667,9.55982493750256,15.26,20.3249993849938,27.62,54.4902499776362,1.00115173168987,9600
"deviance",81.28993,2.96456603669186,77.77,79.13,80.55,82.67,88.97,1.00116004817035,9200
