"mean","sd","2.5%","25%","50%","75%","97.5%","Rhat","n.eff"
"a",17.8941477407407,3.16018230392943,11.86,15.83,17.84,19.91,24.3,1.00094866585146,27000
"a1",0.0557081055901852,0.0712761163238962,-0.08952025,0.0111575,0.054935,0.1023,0.197,1.00102071502303,26000
"a2",0.062449018375037,0.0752905772429941,-0.0951945,0.01481,0.06593,0.1136,0.2027,1.00097087402865,27000
"b1",0.00243197704703704,0.0943675680699329,-0.1763,-0.0628025,2.8835e-05,0.0656225,0.1915025,1.00100497033871,27000
"data.var",23.1063812592593,12.1431191054531,9.54792498850961,15.24,20.19,27.35,54.3407497982192,1.00101367781754,27000
"deviance",81.2329414814815,2.91362628456976,77.81,79.1,80.5,82.6,88.78,1.00107342007475,15000
