"mean","sd","2.5%","25%","50%","75%","97.5%","Rhat","n.eff"
"a",18.1103602592593,2.95266021327845,12.41,16.17,18.03,19.98,24.17,1.00118602783778,8200
"a3",-0.0583076748721481,0.0702800607460649,-0.1962,-0.1034,-0.058525,-0.01602,0.0912807499999999,1.00106444809641,16000
"a2",0.0621030009703704,0.0783226430436554,-0.1001025,0.009968,0.066295,0.117,0.2059025,1.00097145545279,27000
"b3",0.00737334688503704,0.094914947384575,-0.1909,-0.05497,0.013055,0.0735825,0.1799,1.00097164518696,27000
"data.var",19.7598267407407,9.20435983209691,8.78192498750716,13.63,17.7149992943833,23.38,43.3204998874995,1.00097080945225,27000
"deviance",90.7113492592593,2.89687015525621,87.17,88.63,90,92.03,98.26,1.00094719084475,27000
