"mean","sd","2.5%","25%","50%","75%","97.5%","Rhat","n.eff"
"a",204.082883222222,41.1873860195831,127.2,176.5,202.6,229.9,290.50249958056,1.00099719725112,27000
"a1",0.0328236664497407,0.0830143014898032,-0.1413025,-0.0189575,0.03648,0.0878,0.1897025,1.00101560175872,27000
"a2",0.0316843492585926,0.0864454885480594,-0.1394025,-0.02612,0.03309,0.0905225,0.1989,1.00110029907394,13000
"a3",-0.0331780891322963,0.0827077327199399,-0.1896025,-0.088505,-0.03652,0.018215,0.1398025,1.00101835029014,27000
"b1",-0.00154449066185185,0.0973409917601546,-0.1830025,-0.0695175,-0.0036235,0.06329,0.1947,1.00103066489156,23000
"b3",0.000954128868646296,0.0981094914052328,-0.1977,-0.06488,0.00383,0.069025,0.1843025,1.00094526903193,27000
"ghana.var",4142.99765925926,2185.70149319812,1698,2728,3612,4922,9822.1499553478,1.00103232362511,22000
"deviance",153.839351851852,3.03685852038827,150,151.7,153.1,155.3,161.6,1.0010269728124,24000
