"mean","sd","2.5%","25%","50%","75%","97.5%","Rhat","n.eff"
"a",203.875452962963,39.4434849379531,127.8,178,203.2,228.8,285,1.00102101853907,26000
"a3",-0.0516412728511037,0.0725555096502439,-0.1924,-0.09815,-0.053555,-0.0085685,0.1044,1.00099622851281,27000
"a2",0.0517817731253837,0.0798906161798976,-0.1145,-0.000618175,0.05635,0.1073,0.199605,1.0009456296189,27000
"b3",0.009029749467,0.0970289728435727,-0.1901025,-0.0554725,0.01323,0.076925,0.188,1.00099470802341,27000
"ghana.var",3943.34248888889,1681.66889036208,1695.97499281118,2702.74996530883,3568,4809.24998050767,8279.04999411254,1.00094878017703,27000
"deviance",153.677740740741,2.62745733811261,150.2,151.7,153.1,155.1,160,1.00096935735957,27000
