"mean","sd","2.5%","25%","50%","75%","97.5%","Rhat","n.eff"
"a",206.77032,37.0473868810633,135.9,182.4,205.8,230.3,282.6,1.00098255148191,27000
"a3",-0.0561388887654444,0.0708945037306538,-0.1913,-0.1014,-0.05876,-0.0155575,0.0987105,1.00096412318594,27000
"a2",0.0485438065884444,0.0844150567986554,-0.124205,-0.00840025,0.05344,0.1084,0.2009,1.00101769233565,27000
"b3",0.0216968484145185,0.0980165638629872,-0.1818,-0.04375,0.02887,0.0903,0.1987025,1.00102529618466,24000
"ghana.var",3431.26143333333,1461.64952500736,1527,2385,3094,4124,7272.09997319451,1.00108496718713,14000
"deviance",173.448411111111,2.8569766080532,169.3,171.4,172.9,174.9,180.5,1.00111120165349,12000
