"mean","sd","2.5%","25%","50%","75%","97.5%","Rhat","n.eff"
"a",216.685732962963,38.5194663728779,143,191.8,215.6,240.4,296.8,1.00283009646317,1100
"a2",0.135835408640741,0.0425084357831262,0.0656797499814423,0.108974991394477,0.1316,0.1578,0.2295,1.00442429795083,790
"ghana.var",3565.93450740741,1508.84807078115,1610.97499243173,2486,3222,4263.24997801145,7637.12496012095,1.00096810762274,27000
"deviance",174.144062962963,2.8711763749037,170.8,172,173.4,175.5,181.5,1.00104729564316,19000
