"mean","sd","2.5%","25%","50%","75%","97.5%","Rhat","n.eff"
"a",212.119599814815,40.7829124146857,134.6,185.5,210.8,237.8,296,1.00125340627986,6400
"a2",0.126812363744444,0.0467624729680905,0.04756,0.09644,0.1233,0.1509,0.2332,1.00171621072218,2600
"ghana.var",4015.00647407407,1697.50843201359,1752.97499304502,2760,3637,4898,8366.04999417376,1.00120060435634,7800
"deviance",154.006103703704,2.69288861674137,150.8,152,153.4,155.4,160.6,1.00128073459937,5900
