"mean","sd","2.5%","25%","50%","75%","97.5%","Rhat","n.eff"
"a",41.0794581481481,3.4040128937198,34.37,38.86,41.07,43.27,47.85,1.00103968226236,21000
"a3",-0.151891529696852,0.0659834646643946,-0.2862,-0.1949,-0.1503,-0.1065,-0.02813975,1.00095890137986,27000
"a2",0.152192187822593,0.0805002407223466,-0.006426625,0.097725,0.1519,0.2075,0.3079,1.00096088818898,27000
"b3",0.0560298993771111,0.0734902933153206,-0.1050025,0.01344,0.06028,0.1036,0.1911,1.00096873429804,27000
"data.var",2.95868863703704,1.77707560520962,1.129,1.862,2.519,3.505,7.44504999345313,1.00110583666726,12000
"deviance",48.3607114814815,3.28882694732472,44.35,45.97,47.58,49.92,56.83,1.00118187049678,8400
