"mean","sd","2.5%","25%","50%","75%","97.5%","Rhat","n.eff"
"a",43.8592925925926,2.71867245836432,38.61,42.1,43.8,45.54,49.39,1.00404470970954,900
"a2",0.351353807407407,0.025618609166381,0.3029,0.3346,0.3513,0.3674,0.4048,1.00706656436402,510
"data.var",2.34919907037037,1.16692355187639,0.997297499877787,1.578,2.077,2.797,5.29302499769772,1.00151962251167,3500
"deviance",52.9837651851852,3.02468483543161,49.53,50.78,52.22,54.33,60.8,1.00464479905943,770
