"mean","sd","2.5%","25%","50%","75%","97.5%","Rhat","n.eff"
"a",41.0840222222222,3.32861415862453,34.54,38.95,41.06,43.22,47.72,1.00147728308715,3700
"a1",0.151976017175556,0.0657021779451426,0.02854875,0.107,0.1501,0.1955,0.2847025,1.00100014251344,27000
"a2",0.152009590911852,0.0803666743216706,-0.005301825,0.097365,0.1511,0.2076,0.3077,1.00110675109176,12000
"b1",-0.056958753402963,0.072068447201319,-0.1901,-0.1045,-0.060645,-0.01389,0.0993534999999997,1.00111661104964,12000
"data.var",2.91270598148148,1.67171086692099,1.139,1.854,2.49249994984955,3.46024997290919,7.16209997278297,1.00097488262752,27000
"deviance",48.2512381481481,3.20236258175008,44.36,45.92,47.47,49.77,56.5202499784394,1.00097054923109,27000
