"mean","sd","2.5%","25%","50%","75%","97.5%","Rhat","n.eff"
"a",41.5634933333333,3.22518960198764,35.4497499656142,39.42,41.48,43.62,48.21,1.00094878820416,27000
"a1",0.102642424928419,0.0782825579201972,-0.0542815,0.05158,0.1024,0.154325,0.2569025,1.00094874216104,27000
"a2",0.106334070284037,0.0845930667433803,-0.058521,0.04848,0.1059,0.1635,0.2725,1.00096724597172,27000
"a3",-0.102542982827037,0.0789757524810168,-0.2574,-0.1549,-0.1024,-0.0512075,0.0566229999999997,1.00095707230694,27000
"b1",-0.0243068242011852,0.0904324726787944,-0.1844025,-0.0872575,-0.032165,0.0326125,0.1697025,1.00106209667655,17000
"b3",0.0238730823051852,0.0902877580922466,-0.1726025,-0.03163,0.031945,0.086195,0.1826,1.00098033752106,27000
"data.var",2.32653931851852,1.17805636588629,0.969794999497251,1.552,2.045,2.773,5.33502499771584,1.00100549594599,27000
"deviance",52.7477251851852,3.16609507027697,48.81,50.43,52.02,54.28,60.77,1.00114699283016,9800
