"mean","sd","2.5%","25%","50%","75%","97.5%","Rhat","n.eff"
"a",43.7954803703704,2.88752288788764,38.38,41.92,43.66,45.55,49.8702499755647,1.0045809772855,680
"a2",0.350564462962963,0.0271144076934628,0.2998,0.3327,0.3488,0.367,0.4073,1.00644618601522,460
"data.var",2.87328403333333,1.59218237939042,1.127,1.837,2.465,3.436,6.99704999303403,1.00120427641424,7700
"deviance",48.1372555555556,2.93842940161863,44.75,45.95,47.38,49.55,55.71,1.0022536810143,1500
