"mean","sd","2.5%","25%","50%","75%","97.5%","Rhat","n.eff"
"a",41.2003281481481,3.09464167194945,35.22,39.19,41.16,43.17,47.460249974324,1.00244942776338,1300
"a1",0.152688030404444,0.0647516692288001,0.0307175,0.1085,0.1515,0.1951,0.2856,1.00109594485311,13000
"a2",0.152564592210407,0.0788632876845766,-0.001574275,0.09929,0.1516,0.2061,0.3073025,1.00225095438698,1500
"b1",-0.0582437505928519,0.0692810235437515,-0.1859,-0.1025,-0.0622,-0.0180275,0.0948044999999996,1.00236712276862,1400
"data.var",2.34012822592593,1.19446618355653,0.991994999508503,1.56374994003518,2.058,2.79224996642893,5.30904999081975,1.00103295924717,22000
"deviance",52.8379759259259,3.16495781285036,48.94,50.51,52.11,54.33,60.9602499800095,1.00105895680765,17000
