"mean","sd","2.5%","25%","50%","75%","97.5%","Rhat","n.eff"
"a",41.1968725925926,3.0904918502328,35.17,39.2,41.16,43.1624997828143,47.43,1.00100508516022,27000
"a3",-0.152504061130222,0.0654517271716287,-0.2850025,-0.1957,-0.1506,-0.1076,-0.0314480000000002,1.00103833063503,21000
"a2",0.152564923144815,0.07936467453181,-0.004820925,0.099305,0.1534,0.2057,0.3076,1.00099118641942,27000
"b3",0.0579086699301111,0.0689458243898743,-0.096057,0.01872,0.06128,0.1019,0.1868025,1.0009438122404,27000
"data.var",2.33279205925926,1.19609874853229,0.9881,1.558,2.051,2.75324996595345,5.41704999100274,1.00094753533387,27000
"deviance",52.8283437037037,3.16077198382015,48.96,50.53,52.07,54.35,60.93,1.00097342758766,27000
