"mean","sd","2.5%","25%","50%","75%","97.5%","Rhat","n.eff"
"a",12.3350832962963,1.70732727668343,9.10292498794779,11.23,12.28,13.39,15.85,1.00097198121349,27000
"a1",0.114273935821481,0.0606210082760538,-0.009192525,0.0778775,0.1143,0.1526,0.232205,1.00097075239193,27000
"a2",0.0234498187491852,0.0979338528540565,-0.1647,-0.0439425,0.021285,0.0896375,0.2159,1.00096487236581,27000
"b1",-0.116696401816704,0.100140275916013,-0.2922,-0.1851,-0.1249,-0.0582675,0.1096025,1.00096476301792,27000
"data.var",5.71733059259259,2.93602417575758,2.266,3.75874997505599,5.044,6.88,13.0102499063694,1.00114646846429,9800
"deviance",70.615112962963,4.1196929907449,63.46,67.68,70.41,73.1,79.6,1.00098795755088,27000
