"mean","sd","2.5%","25%","50%","75%","97.5%","Rhat","n.eff"
"a",12.3277034074074,1.70583908610954,9.13092498798475,11.19,12.27,13.4,15.83,1.00102932722061,23000
"a3",-0.113827703237037,0.0602725398138503,-0.2304,-0.1521,-0.1138,-0.07782,0.0114405,1.00112592878562,11000
"a2",0.0230099030528889,0.0982649490102093,-0.1661,-0.04569,0.020535,0.091445,0.2155,1.00113048565082,11000
"b3",0.117297938369259,0.101183816815631,-0.109805,0.0573075,0.1261,0.1864,0.2943,1.00101461970811,27000
"data.var",5.6955752962963,2.89194734659805,2.25397499459137,3.774,5.048,6.86,12.9802499061531,1.00102490178323,24000
"deviance",70.5674085185185,4.09654574209494,63.43,67.6274998613662,70.3949998224306,73.09,79.46,1.00104777624261,19000
