"mean","sd","2.5%","25%","50%","75%","97.5%","Rhat","n.eff"
"a",12.3489094851852,1.88921904920502,8.74397499860608,11.12,12.31,13.53,16.21,1.00097910509143,27000
"a1",0.10752405734863,0.064983157476929,-0.02949625,0.0689075,0.1081,0.1487,0.2325,1.00095343283253,27000
"a2",0.0409383213250667,0.097930484065013,-0.1494,-0.02752,0.041495,0.1099,0.2281,1.00105094794352,19000
"b1",-0.0948594647434074,0.105830861559252,-0.2848,-0.1674,-0.1026,-0.029215,0.131105,1.00100119220899,27000
"data.var",7.27228718518518,4.13646393386752,2.70697499549669,4.596,6.257,8.718,17.8002499315562,1.00096487912383,27000
"deviance",64.7391892592593,3.8795974410736,57.9297499789593,62.11,64.57,66.9,73.46,1.00103566045891,22000
