"mean","sd","2.5%","25%","50%","75%","97.5%","Rhat","n.eff"
"a",13.1980035555556,2.1328985525518,9.029,11.82,13.18,14.53,17.52,1.00099408591738,27000
"a2",0.227700518518519,0.0574328450886049,0.1317,0.1913,0.2222,0.2573,0.357807499999999,1.00225825752586,7000
"data.var",8.68554211111111,4.72609760766869,3.54797499656433,5.702,7.54,10.27,20.85,1.00104279551018,20000
"deviance",67.4931751851852,3.07076042495064,64.03,65.29,66.68,68.82,75.6,1.00255207255882,2300
