"mean","sd","2.5%","25%","50%","75%","97.5%","Rhat","n.eff"
"a",13.2310952,1.94156002529838,9.467,11.96,13.21,14.46,17.15,1.00135521818661,4900
"a2",0.228046849259259,0.0518662274318071,0.1447,0.1945,0.223149994398387,0.2547,0.3444,1.00118157184238,8400
"data.var",7.233506,3.50322906514098,3.18797499617628,4.929,6.416,8.572,15.98,1.00119534741071,7900
"deviance",74.5774081481482,3.02843601028696,71.16,72.37,73.78,75.94,82.36,1.00146505305449,3800
