"mean","sd","2.5%","25%","50%","75%","97.5%","Rhat","n.eff"
"a",12.2358202962963,1.70763905843637,9.025,11.1,12.19,13.29,15.77,1.0009934759406,27000
"a1",0.0562894539544444,0.0983518461790741,-0.1566,-0.007557,0.069385,0.1265,0.2213025,1.00096703494305,27000
"a2",0.00745294678204444,0.0946607219353129,-0.1759,-0.05719,0.0071455,0.0714275,0.1945025,1.00098100829886,27000
"a3",-0.0570858931076667,0.09784342094054,-0.2233,-0.127,-0.06997,0.006691,0.1529025,1.00096604118131,27000
"b1",-0.0590106609455556,0.121154021260144,-0.2776025,-0.1492,-0.0627,0.02632,0.180305,1.00095148236584,27000
"b3",0.0595441365302593,0.121126062804571,-0.1811,-0.0268025,0.065725,0.1493,0.2775,1.00106145264789,17000
"data.var",5.42609601851852,2.77025868039683,2.165,3.593,4.8,6.50324998558487,12.4202499019239,1.00096688083488,27000
"deviance",69.8328788888889,4.13962179070672,62.67,66.85,69.59,72.4,78.69,1.00096493578421,27000
