"mean","sd","2.5%","25%","50%","75%","97.5%","Rhat","n.eff"
"a",24.0193955555556,1.54515811068058,21.01,23.0274995928191,24,24.99,27.17,1.00122472102868,7100
"a2",0.2640603,0.028514509998875,0.2135,0.2455,0.262,0.2807,0.3266,1.0013733018023,4700
"data.var",3.58086667777778,1.70904819282065,1.583,2.45,3.1894999608089,4.252,7.81912496104881,1.00105806737501,17000
"deviance",63.3547807407407,3.01901468444192,59.95,61.17,62.58,64.67,71.27,1.00108077946015,15000
