"mean","sd","2.5%","25%","50%","75%","97.5%","Rhat","n.eff"
"a",23.5847044444444,1.59448037523356,20.34,22.5774995847023,23.6,24.62,26.69,1.00126282722989,6300
"a1",0.11331658048,0.0694502731747307,-0.01649125,0.0653975,0.1113,0.1589,0.2552,1.00135838392116,4800
"a2",0.137075524352222,0.0726340644106359,-0.013134,0.0891375,0.14015,0.1877,0.2717,1.00104331076462,20000
"b1",-0.00298718429688889,0.0830324818862971,-0.157,-0.05795,-0.0074445,0.047955,0.1717,1.00104835121429,19000
"data.var",3.65189619259259,1.73653097510329,1.60697499241288,2.499,3.244,4.329,8.06707498640626,1.00109540929221,13000
"deviance",63.6975281481482,3.09220101243799,60,61.43,62.96,65.16,71.62,1.00151846823337,3500
