"mean","sd","2.5%","25%","50%","75%","97.5%","Rhat","n.eff"
"a",23.60111,1.60075015324822,20.37,22.58,23.63,24.64,26.71,1.00095913949722,27000
"a3",-0.112747305241852,0.0687606146433163,-0.2511025,-0.1581,-0.11075,-0.0650375,0.0157914999999999,1.00097621813668,27000
"a2",0.138375588551111,0.0720440741194749,-0.008752825,0.0911,0.1411,0.1887,0.2719025,1.00094894031474,27000
"b3",0.00139757731837037,0.0824369366407818,-0.175605,-0.0488325,0.005336,0.05598,0.1562,1.00123477996134,6900
"data.var",3.6520619037037,1.7391923421023,1.60197499238919,2.498,3.2514999615562,4.317,8.133,1.00102129982692,26000
"deviance",63.6861096296296,3.08103292756154,60.01,61.44,62.95,65.13,71.69,1.0009606390207,27000
