"mean","sd","2.5%","25%","50%","75%","97.5%","Rhat","n.eff"
"a",23.5327614814815,1.74797355598581,20.0197499391033,22.44,23.55,24.65,26.97,1.00099091718499,27000
"a3",-0.113672395350222,0.0704901011617362,-0.2557,-0.1605,-0.1118,-0.06503,0.0192034999999997,1.00096469710176,27000
"a2",0.136154933937963,0.0725433816843693,-0.01211125,0.0884975,0.1388,0.1859,0.2715,1.0009572908531,27000
"b3",-0.000780509452622222,0.0852017739890899,-0.1810025,-0.0540525,0.003036,0.0560825,0.1595025,1.00101759883109,27000
"data.var",4.40365873333333,2.36707473218605,1.779,2.864,3.813,5.248,10.48,1.00097379659435,27000
"deviance",57.9207866666667,3.1509053448863,54.08,55.63,57.18,59.4,65.9702499815275,1.00099477391655,27000
