"mean","sd","2.5%","25%","50%","75%","97.5%","Rhat","n.eff"
"a",23.5503366666667,1.72826675694855,20.03,22.48,23.57,24.65,26.91,1.00106141726403,17000
"a1",0.114257375688148,0.0707057636536226,-0.01956675,0.0661675,0.112,0.1604,0.2577025,1.00095373949582,27000
"a2",0.136036551461048,0.0727452508622034,-0.012953,0.0885375,0.1389,0.1865,0.2715,1.00096524880224,27000
"b1",0.00154469084677407,0.0849801106837004,-0.157205,-0.055605,-0.0021165,0.055445,0.1786,1.00094672834758,27000
"data.var",4.3852064,2.36661268822661,1.78497499316975,2.86,3.81749996725606,5.23524998209369,10.33,1.00104742448162,19000
"deviance",57.8854181481481,3.13113058422603,54.09,55.6,57.13,59.39,65.88,1.00103554668255,22000
