"mean","sd","2.5%","25%","50%","75%","97.5%","Rhat","n.eff"
"a",23.7305414814815,1.63699656147157,20.47,22.69,23.73,24.78,26.99,1.00097385634987,27000
"a1",0.0814099880973704,0.0766704816848689,-0.0694815,0.03062,0.079725,0.131725,0.2347,1.00102015099474,26000
"a2",0.09299324362,0.081617443731646,-0.0712125,0.0385975,0.09391,0.1486,0.2479,1.0010226270584,25000
"a3",-0.081626567759,0.0767680144663625,-0.2367025,-0.1322,-0.079645,-0.03016,0.0670817499999999,1.0010519024673,18000
"b1",0.00787517507966667,0.0901212554216665,-0.1587025,-0.0537025,0.0038645,0.065365,0.197007499999999,1.00106043519459,17000
"b3",-0.0063929417177037,0.090320429918612,-0.1948025,-0.0642825,-0.0023465,0.05528,0.1594025,1.00095756153513,27000
"data.var",3.6432159,1.74314178189285,1.598,2.498,3.245,4.31724997828646,8.01202499847897,1.00097261042586,27000
"deviance",63.6372037037037,3.11440809201478,59.82,61.39,62.9249998013508,65.12,71.5702499829727,1.00095944732308,27000
